artist_name,spotify_id,musicbrainz_id,popularity,followers,genres,image_url,spotify_url,artist_type,gender,country
Bad Bunny,4q3ewBCX7sLwd24euuV69X,89aa5ecb-59ad-46f5-b3eb-2d424e941f19,100,95940725,"Reggaeton, Trap Latino, Urbano Latino, Latin",https://i.scdn.co/image/ab6761610000e5eb81f47f44084e0a09b5f0fa13,https://open.spotify.com/artist/4q3ewBCX7sLwd24euuV69X,Artista,Male,PR
Lady Gaga,1HY2Jd0NmPuamShAr6KMms,650e7db6-b795-4eb5-a702-5ea2fc46c848,94,38215960,"Art Pop, Pop",https://i.scdn.co/image/ab6761610000e5ebaadc18cac8d48124357c38e6,https://open.spotify.com/artist/1HY2Jd0NmPuamShAr6KMms,Artista,Female,US
Bruno Mars,0du5cEVh5yTK9QJze8zA0C,afb680f2-b6eb-4cd7-a70b-a63b25c763d5,93,71977815,"Pop, R&B, Funk",https://i.scdn.co/image/ab6761610000e5ebc36dd9eb55fb0db4911f25dd,https://open.spotify.com/artist/0du5cEVh5yTK9QJze8zA0C,Artista,Male,US
Olivia Rodrigo,1McMsnEElThX1knmY4oliG,6925db17-f35e-42f3-a4eb-84ee6bf5d4b0,88,45954142,"Pop Rock, Alternative Pop",https://i.scdn.co/image/ab6761610000e5ebe03a98785f3658f0b6461ec4,https://open.spotify.com/artist/1McMsnEElThX1knmY4oliG,Artista,Female,US
Kali Uchis,1U1el3k54VvEUzo3ybLPlM,d0c7656d-8169-4f77-9dbe-b8f24e40105d,88,8899842,"R&B, Neo-Soul, Latin",https://i.scdn.co/image/ab6761610000e5eb51dfdac248da65a860963b68,https://open.spotify.com/artist/1U1el3k54VvEUzo3ybLPlM,Artista,Female,US
Tame Impala,5INjqkS1o8h1imAzPqGZBb,63aa26c3-d59b-4da4-84ac-716b54f1ef4d,82,8880098,"Neo-Psychedelic, Indie",https://i.scdn.co/image/ab6761610000e5eb90357ef28b3a012a1d1b2fa2,https://open.spotify.com/artist/5INjqkS1o8h1imAzPqGZBb,Artista,Male,AU
Kid Cudi,0fA0VVWsXO9YnASrzqfmYu,e0e1db18-f7ba-4dee-95ff-7ae8cf545460,80,7534562,"Hip Hop, Alternative Hip Hop",https://i.scdn.co/image/ab6761610000e5eb5f00bb6dd7a7008d14156630,https://open.spotify.com/artist/0fA0VVWsXO9YnASrzqfmYu,Artista,Male,US
Sade,47zz7sob9NUcODy0BTDvKx,67930b3e-e00b-469f-8c74-fd69f20522ec,78,4743366,"Smooth Jazz, Soul, R&B",https://i.scdn.co/image/ab6761610000e5eb92883b0e094a36d2f43ad284,https://open.spotify.com/artist/47zz7sob9NUcODy0BTDvKx,Banda,Banda,GB
Roddy Ricch,757aE44tKEUQEqRuT6GnEB,5721c227-4caf-48b1-bbfc-1a4ed3276963,77,11466700,Melodic Rap,https://i.scdn.co/image/ab6761610000e5eb88d7900663b237167c4be332,https://open.spotify.com/artist/757aE44tKEUQEqRuT6GnEB,Artista,Male,US
Major Lazer,738wLrAtLtCtFOLvQBXOXp,75be165a-ad83-4d12-bd28-f589a15c479f,77,6287450,Moombahton,https://i.scdn.co/image/ab6761610000e5eb133f44ab343b35c715a4ac97,https://open.spotify.com/artist/738wLrAtLtCtFOLvQBXOXp,Banda,Banda,JM
Anderson .Paak,3jK9MiCrA42lLAdMGUZpwa,d02dd67e-f655-4600-bc47-f789f59e7367,77,2662812,"Hip Hop, Neo-Soul, R&B",https://i.scdn.co/image/ab6761610000e5eb96287bd47570ff13f0c01496,https://open.spotify.com/artist/3jK9MiCrA42lLAdMGUZpwa,Artista,Male,US
Ludmilla,3CDoRporvSjdzTrm99a3gi,cf71e106-1003-4390-8477-cf268229df66,75,8126620,"Pagode, Brazilian Pop, Funk Pop, Pagode Baiano, Funk, Funk Carioca, Samba",https://i.scdn.co/image/ab6761610000e5ebc171639017f673a5ecfb92f3,https://open.spotify.com/artist/3CDoRporvSjdzTrm99a3gi,Artista,Female,BR
C. Tangana,5TYxZTjIPqKM8K8NuP9woO,46d3689c-23e6-46f7-8ad6-c12f13ac9dea,75,2992289,"Latin Trap, Spanish Hip Hop",https://i.scdn.co/image/ab6761610000e5ebdfb9d2cb6a43021d9002a10e,https://open.spotify.com/artist/5TYxZTjIPqKM8K8NuP9woO,Artista,Male,ES
Boney M.,54R6Y0I7jGUCveDTtI21nb,5403bf6e-bc1d-4e62-b31f-926a2bf66a14,72,2216444,Disco,https://i.scdn.co/image/94f8fa49e6ac6748393ff020567c9b95c7f48c18,https://open.spotify.com/artist/54R6Y0I7jGUCveDTtI21nb,Banda,Banda,DE
Marina Sena,0nFdWpwl7h6fp3ADRyG14L,2b1e7c27-2663-43df-9c23-8601e173e6ef,72,536958,"Brazilian Pop, Nova Mpb",https://i.scdn.co/image/ab6761610000e5eb5dc46cd89751c5b6ab34d210,https://open.spotify.com/artist/0nFdWpwl7h6fp3ADRyG14L,Artista,Female,BR
Pabllo Vittar,6tzRZ39aZlNqlUzQlkuhDV,d9550ac2-7bcf-4655-a3fe-24922e254a74,71,4362549,"Brazilian Pop, Funk Pop, Tecnobrega",https://i.scdn.co/image/ab6761610000e5eb1bd98f890c7df79547160c27,https://open.spotify.com/artist/6tzRZ39aZlNqlUzQlkuhDV,Artista,Non-binary,BR
Willow,3rWZHrfrsPBxVy692yAIxF,6bbfc71b-5f18-4e61-82fb-bee0c2a6b5f9,71,2886196,"Alternative R&B, Pop",https://i.scdn.co/image/ab6761610000e5eb0e6e067240dd48810379dc81,https://open.spotify.com/artist/3rWZHrfrsPBxVy692yAIxF,Artista,Female,US
Calle 13,0yNSzH5nZmHzeE2xn6Xshb,5be7d200-5499-4bba-b29b-1ac554199d23,69,3015514,"Latin Hip Hop, Latin Alternative, Reggaeton",https://i.scdn.co/image/edabfb79fbf3d71ad9d0961a7b199a1470fe5372,https://open.spotify.com/artist/0yNSzH5nZmHzeE2xn6Xshb,Banda,Banda,PR
Ckay,048LktY5zMnakWq7PTtFrz,eb1febcf-9902-4962-9dc4-8fe4d7fc25b4,69,1634235,"Afrobeats, Afrobeat, Afro R&B, Afropop",https://i.scdn.co/image/ab6761610000e5eb6bc8c6ddd810306da5659254,https://open.spotify.com/artist/048LktY5zMnakWq7PTtFrz,Artista,Male,NG
Marisa Monte,0rSTXALHu0EKAawPLBdODH,f81f19b9-c76e-43ac-8656-bb56071785fb,68,2494531,"MPB, Nova Mpb",https://i.scdn.co/image/ab6761610000e5eb139aa4394e8ee879876e5a87,https://open.spotify.com/artist/0rSTXALHu0EKAawPLBdODH,Artista,Female,BR
Caetano Veloso,7HGNYPmbDrMkylWqeFCOIQ,f07dbc2f-317b-470f-bad4-5f1b0eb6faf1,68,2494386,"MPB, Bossa Nova, Samba",https://i.scdn.co/image/ab6761610000e5ebc9cfb41f1889a4d794d54fc8,https://open.spotify.com/artist/7HGNYPmbDrMkylWqeFCOIQ,Artista,Male,BR
Vanessa da Mata,57pVvBwa3ZCR9LsVlkLXj7,f3580347-b84a-47d8-b86e-cad642322a47,68,1314530,"MPB, Nova Mpb",https://i.scdn.co/image/ab6761610000e5eb0726b3a2a4db36495765f020,https://open.spotify.com/artist/57pVvBwa3ZCR9LsVlkLXj7,Artista,Female,BR
Cesária Evora,0Nks3cFWU2a7rooAlFQYgn,ceafdf2f-bc18-4b99-8c71-d1834b0065c3,68,438238,Fado,https://i.scdn.co/image/ab6761610000e5eb19ef99eadb0dc66816089006,https://open.spotify.com/artist/0Nks3cFWU2a7rooAlFQYgn,Artista,Female,CV
New Order,0yNLKJebCb8Aueb54LYya3,f1106b17-dcbb-45f6-b938-199ccfab50cc,67,2389972,"New Wave, Synthpop, Post-Punk, Madchester",https://i.scdn.co/image/ab6761610000e5eba080a8e96758f416301578f9,https://open.spotify.com/artist/0yNLKJebCb8Aueb54LYya3,Banda,Banda,GB
Tim Maia,0jOs0wnXCu1bGGP7kh5uIu,446ac261-09ae-43f4-a7e1-2c753c0813ce,67,2186733,MPB,https://i.scdn.co/image/ab6761610000e5ebaa594f902dd3a6704715933f,https://open.spotify.com/artist/0jOs0wnXCu1bGGP7kh5uIu,Artista,Male,BR
Gilberto Gil,7oEkUINVIj1Nr3Wnj8tzqr,cf6b70f6-2616-481c-912c-0263cabfc974,67,1464450,"MPB, Bossa Nova, Samba, Brazilian Jazz",https://i.scdn.co/image/ab6761610000e5ebdf423bfb01afb1cf3d60d61a,https://open.spotify.com/artist/7oEkUINVIj1Nr3Wnj8tzqr,Artista,Male,BR
Amaarae,21UPYSRWFKwtqvSAnFnSvS,29fab96f-c3a2-4251-80f6-7ccda50da706,67,528296,"Alté, Afrobeats, Afro R&B",https://i.scdn.co/image/ab6761610000e5eb951cd0ca357be4f9bcc21da1,https://open.spotify.com/artist/21UPYSRWFKwtqvSAnFnSvS,Artista,Female,GH
Liniker,2O6q06oNcmOIPg1qidSU3C,6c8806e3-9f74-4dd1-9fcb-63352d1ba2a0,67,496109,"Nova Mpb, MPB, Brazilian Pop",https://i.scdn.co/image/ab6761610000e5ebd135c79ed489ce7dcf70eec8,https://open.spotify.com/artist/2O6q06oNcmOIPg1qidSU3C,Artista,Female,BR
Rita Lee,7dnT2FUXhjirperXaH22IJ,3f962bf0-42a0-45a0-830f-07b66301d35f,66,1625412,"MPB, Brazilian Rock, Brazilian Pop",https://i.scdn.co/image/ab6761610000e5eb3e2744cc67a70be90c208249,https://open.spotify.com/artist/7dnT2FUXhjirperXaH22IJ,Artista,Female,BR
Gilsons,6q7nMIVgGohQ14mSsq3F8t,9ba3851f-f334-4ee2-ba73-23b0806d66d9,66,452549,"Nova Mpb, MPB",https://i.scdn.co/image/ab6761610000e5eb919bcf8dda8256a250d10d26,https://open.spotify.com/artist/6q7nMIVgGohQ14mSsq3F8t,Banda,Banda,BR
Jorge Ben Jor,5JYtpnUKxAzXfHEYpOeeit,19499124-36d4-4ccc-b28d-04dde3d2076f,65,1140454,"MPB, Bossa Nova, Samba, Brazilian Jazz",https://i.scdn.co/image/a9c6a324c5f4a0f25bc711a7c4434c89c05ceba2,https://open.spotify.com/artist/5JYtpnUKxAzXfHEYpOeeit,Artista,Male,BR
Mariana Froes,60oAQJsBmykZP3GwjbSL6S,5247d6d2-5842-4462-91ca-02c26c058832,65,297186,Nova Mpb,https://i.scdn.co/image/ab6761610000e5eb7a1d6d433e3ef4ed7ecbd127,https://open.spotify.com/artist/60oAQJsBmykZP3GwjbSL6S,Artista,Female,BR
Pitty,2dmQ0vMD3THLMcz7DsvfaT,ce1509b1-fc1a-4b0a-aeb3-36cbf9cc11fb,64,2460945,"Brazilian Rock, MPB, Brazilian Pop",https://i.scdn.co/image/ab6761610000e5eb1183488d72f571f4b079c5d5,https://open.spotify.com/artist/2dmQ0vMD3THLMcz7DsvfaT,Artista,Female,BR
Alceu Valença,559vxOLTzlAv0zB77JMcdG,7a08d4fb-e5c1-4c39-a99b-1908ca2e83b4,64,1864306,"MPB, Forró, Forro Tradicional",https://i.scdn.co/image/ab6761610000e5eb9e3d31645ea7b72d969394cc,https://open.spotify.com/artist/559vxOLTzlAv0zB77JMcdG,Artista,Male,BR
Maria Bethânia,3f5VCwd57gZsqMad28jyLV,b3998c06-04e6-4b1d-bd2a-d5b83572ae7b,64,1424530,"MPB, Samba, Bossa Nova, Axé",https://i.scdn.co/image/ab6761610000e5eb397d956c177fadb41951921b,https://open.spotify.com/artist/3f5VCwd57gZsqMad28jyLV,Artista,Female,BR
Gal Costa,1b8kpp4DUwt1hWaxTiWQhD,fc63a914-272d-4b95-9221-61adcce6f793,64,1082633,"MPB, Bossa Nova, Brazilian Jazz",https://i.scdn.co/image/ab6761610000e5ebce25c56eb261c36e5ebc7864,https://open.spotify.com/artist/1b8kpp4DUwt1hWaxTiWQhD,Artista,Female,BR
The Supremes,57bUPid8xztkieZfS7OlEV,c1aa2ec9-53e7-4d90-8d36-bac75832e986,63,1794581,"Motown, Northern Soul, Classic Soul, Soul",https://i.scdn.co/image/5c5dc3f7b4569a7727a63a44513c7a602b72da44,https://open.spotify.com/artist/57bUPid8xztkieZfS7OlEV,Banda,Banda,US
Elis Regina,0yFvXd36g5sNKYDi0Kkvl8,e9e85a54-074c-4d29-a886-bcaaa9d44f9f,63,1486956,"MPB, Bossa Nova, Brazilian Jazz, Samba",https://i.scdn.co/image/ab6761610000e5eb0fa315c76bb4539c6efa2966,https://open.spotify.com/artist/0yFvXd36g5sNKYDi0Kkvl8,Artista,Female,BR
Alcione,0hPar6ePAELiu9rYMdvMEo,51bde19b-feed-4e6c-99e7-84327defabe2,63,1170765,"Samba, Pagode, MPB",https://i.scdn.co/image/ab6761610000e5eb4c4bfaa865274651bfb5cb4b,https://open.spotify.com/artist/0hPar6ePAELiu9rYMdvMEo,Artista,Female,BR
Emicida,2d9LRvQJnAXRijqIJDDs2K,7b874216-914f-4f77-b5c4-70f6ff8052ad,62,1883302,"Brazilian Hip Hop, Nova Mpb",https://i.scdn.co/image/ab6761610000e5eb1a143a1a56d7fd721eb43fd7,https://open.spotify.com/artist/2d9LRvQJnAXRijqIJDDs2K,Artista,Male,BR
Milton Nascimento,3Bnq7jiU506HcPjRgQ43TM,1bfa27e3-0376-4206-a772-4586e25a64f5,62,1086303,"MPB, Bossa Nova, Brazilian Jazz",https://i.scdn.co/image/ab6761610000e5eb8ed529f569634a2c98232412,https://open.spotify.com/artist/3Bnq7jiU506HcPjRgQ43TM,Artista,Male,BR
Luiz Lins,0hWRVPGWjaXcEvg8l65Tx0,f4352bd5-38fe-41b5-a641-36f6f44dd86c,62,908285,Brazilian Hip Hop,https://i.scdn.co/image/ab6761610000e5eb141129c5f87ae5b86baf12bc,https://open.spotify.com/artist/0hWRVPGWjaXcEvg8l65Tx0,Artista,Male,BR
Black Alien,6aCbXH85qN6xo54C7atSMx,46a7b248-112e-4e62-bc32-aeea5029f53b,61,584455,"Brazilian Hip Hop, Boom Bap",https://i.scdn.co/image/ab6761610000e5ebba2786969b06c231b04a3f80,https://open.spotify.com/artist/6aCbXH85qN6xo54C7atSMx,Artista,Male,BR
Ney Matogrosso,2SFIMUkCdZowbeisskDdhn,67e97898-3bb5-412a-a51e-95a7b59a1bef,60,829837,"MPB, Samba",https://i.scdn.co/image/ab6761610000e5ebe1692ccde710b6a64884e87f,https://open.spotify.com/artist/2SFIMUkCdZowbeisskDdhn,Artista,Male,BR
Silva,50sftj2oW2iBviA6RkTzsz,3ef9936f-9f5a-45f8-a80d-73684e4f2ef2,60,425591,"Nova Mpb, MPB, Brazilian Pop",https://i.scdn.co/image/ab6761610000e5ebfe8f505db48853a5342b08ee,https://open.spotify.com/artist/50sftj2oW2iBviA6RkTzsz,Artista,Male,BR
Criolo,37ZflmHTdxkSLQuT8w9NBs,51af0b6a-083a-4da7-99ee-3a94843269c2,59,1095719,"Brazilian Hip Hop, Nova Mpb, MPB, Samba",https://i.scdn.co/image/ab6761610000e5eba38a7e10d1a642133c9a4b10,https://open.spotify.com/artist/37ZflmHTdxkSLQuT8w9NBs,Artista,Male,BR
Tropkillaz,5bzWtCkjIAMgN93gLt56SO,b2152f2d-c2c6-46fa-b3cf-44055c2c86af,59,209323,"Brazilian Funk, Brazilian Pop, Funk",https://i.scdn.co/image/ab6761610000e5eb9b3a943eae22f267672daff8,https://open.spotify.com/artist/5bzWtCkjIAMgN93gLt56SO,Banda,Banda,BR
Rael,0GWNKI3VPEcJsOIEhUjmxd,fd4c2460-5641-43d4-bf55-109e60b4ea50,58,648020,Brazilian Hip Hop,https://i.scdn.co/image/ab6761610000e5eb77bb2cb52039255f937ffa08,https://open.spotify.com/artist/0GWNKI3VPEcJsOIEhUjmxd,Artista,Male,BR
Edson Gomes,4kFDUmta3ihdpLBVLh1Vhw,f544b133-af03-4fec-b625-5dd7413da599,58,443311,"Reggae, Roots Reggae",https://i.scdn.co/image/ab6761610000e5eb66bb423ccf66e1b9a7100557,https://open.spotify.com/artist/4kFDUmta3ihdpLBVLh1Vhw,Artista,Male,BR
Duda Beat,2QLSJqqGIstNbO6nYRR16o,7587c0a4-98ef-4ecf-8d9d-81807b97942d,58,427329,"Nova Mpb, Brazilian Pop, MPB",https://i.scdn.co/image/ab6761610000e5ebb7f84e73a704e19a3f33e614,https://open.spotify.com/artist/2QLSJqqGIstNbO6nYRR16o,Artista,Female,BR
Baianasystem,5JHYuwE2n7bleXMUsmtCW5,15741996-1794-42a8-a2c7-1ce3e32d0d75,58,331192,"Nova Mpb, Brazilian Pop, Axé",https://i.scdn.co/image/ab6761610000e5eb2915a49e3b24ec643c999be5,https://open.spotify.com/artist/5JHYuwE2n7bleXMUsmtCW5,Banda,Banda,BR
FBC,29QKtXMaVczUBDiI3aPBWS,97ddbe3a-3cec-488e-a6ad-8b497fd06356,58,253121,"Brazilian Hip Hop, Miami Bass, Brazilian Trap, Boom Bap",https://i.scdn.co/image/ab6761610000e5eb35edf402967f3fb4ed411a0c,https://open.spotify.com/artist/29QKtXMaVczUBDiI3aPBWS,Artista,Male,BR
Adriana Calcanhotto,72f733zGuCPEzCSLs9wOVi,bd4d397a-849a-48bf-be24-52eec87feeee,57,1127151,"MPB, Nova Mpb",https://i.scdn.co/image/ab6761610000e5ebb3f03bb65f986866bdbdf8f6,https://open.spotify.com/artist/72f733zGuCPEzCSLs9wOVi,Artista,Female,BR
Herbie Hancock,2ZvrvbQNrHKwjT7qfGFFUW,27613b78-1b9d-4ec3-9db5-fa0743465fdd,57,759569,"Jazz, Jazz Fusion, Jazz Funk, Hard Bop, Cool Jazz",https://i.scdn.co/image/ab6761610000e5ebca17170af02af227d6ea0c31,https://open.spotify.com/artist/2ZvrvbQNrHKwjT7qfGFFUW,Artista,Male,US
Luedji Luna,0sWTkzCrdEvuX7Du6MFLzc,e538ba99-5bab-434b-ac8d-dadb24a44faa,57,242422,"Nova Mpb, Afro House",https://i.scdn.co/image/ab6761610000e5ebe8c9c3c397f2301659e7a05a,https://open.spotify.com/artist/0sWTkzCrdEvuX7Du6MFLzc,Artista,Female,BR
Priscila Senna,44F6hbmusaHQR96WFbo6Lv,19801de7-189c-452c-bdc5-a562836e50fb,57,233698,"Brega, Arrocha, Forró, Piseiro, Seresta, Tecnobrega",https://i.scdn.co/image/ab6761610000e5ebd94fee0693d04da2a37a30a7,https://open.spotify.com/artist/44F6hbmusaHQR96WFbo6Lv,Artista,Female,BR
Barbatuques,5xnMjuPp1eDXa8du0SKIHD,7de5003a-eb88-42bf-b308-57ebd10544f1,57,156170,"World Percussion, Brazilian Folk",https://i.scdn.co/image/ab6761610000e5eb0e80a4ec2dd84b63b52d4f2a,https://open.spotify.com/artist/5xnMjuPp1eDXa8du0SKIHD,Banda,Banda,BR
Jean Tassy,6XQrv3AiNUS61JFK1VITTU,febae8e2-6ca2-47f4-b430-6b266240f64a,57,123107,"Brazilian Hip Hop, Boom Bap",https://i.scdn.co/image/ab6761610000e5ebf06fdd78227f83014c7df6c4,https://open.spotify.com/artist/6XQrv3AiNUS61JFK1VITTU,Banda,Banda,BR
Erasmo Carlos,6cHQUDAPGKRE2NbVjBlOcz,c7c9fa4d-262b-45c1-9477-237849654948,56,501949,"MPB, Brazilian Rock",https://i.scdn.co/image/ab6761610000e5eb7871741e9d618511bb46d0aa,https://open.spotify.com/artist/6cHQUDAPGKRE2NbVjBlOcz,Artista,Male,BR
Marina Lima,28IcRPf399RPv4TUiZ7uol,026128bb-a1c3-49cd-bdb0-3526057d3f32,56,476087,"MPB, Brazilian Rock, Brazilian Pop",https://i.scdn.co/image/ab6761610000e5eb629c7c06354658fb84c5f239,https://open.spotify.com/artist/28IcRPf399RPv4TUiZ7uol,Artista,Female,BR
Chico César,3vlUveVfzPXzhiPGjHHxOH,49b6e333-f56f-4da9-944c-15a6deee8ada,55,435822,"MPB, Nova Mpb, Forró",https://i.scdn.co/image/ab6761610000e5eb374ac16f608bb388d0d671e8,https://open.spotify.com/artist/3vlUveVfzPXzhiPGjHHxOH,Artista,Male,BR
Chico Trujillo,6Hs8U0JO2nacXFG4kp15Co,101d3c29-b414-42d4-aabc-02fd2fbf935d,55,301078,"Cumbia, Chicha, Latin Alternative",https://i.scdn.co/image/ab6761610000e5ebd15bf6769513a4c833e39ddc,https://open.spotify.com/artist/6Hs8U0JO2nacXFG4kp15Co,Banda,Banda,CL
Rachel Reis,12i4XNuGj3mOnIsmeyw1HR,6cd705a1-4cff-4db9-9ee2-a3dd7a89d61a,55,96818,"Nova Mpb, MPB",https://i.scdn.co/image/ab6761610000e5eb4a4dd2757a899d81182b81f0,https://open.spotify.com/artist/12i4XNuGj3mOnIsmeyw1HR,Artista,Female,BR
Joyce Alane,3oDfBqnWBkgMSag02YYXHG,25b17fd4-eadd-412a-b383-206e99f549b4,55,84505,"Nova Mpb, MPB",https://i.scdn.co/image/ab6761610000e5eb459273f121c1a7f580bd37eb,https://open.spotify.com/artist/3oDfBqnWBkgMSag02YYXHG,Artista,Female,BR
Clara Nunes,6UKz2oYWzE0ZBnciztCown,1fe4421e-850f-46e2-a8be-b760c57cb9c7,54,427915,"Samba, MPB, Pagode, Forró, Axé",https://i.scdn.co/image/ab67616d0000b2739d94081e785e2633b76cdf98,https://open.spotify.com/artist/6UKz2oYWzE0ZBnciztCown,Artista,Female,BR
Ben L'Oncle Soul,2dJTa3mUidZAO9sKcY72tK,2dbdbbad-9427-4360-b6c7-13a2f7214627,54,302632,Jazz Blues,https://i.scdn.co/image/ab6761610000e5eb19216d88b665a54069ecf690,https://open.spotify.com/artist/2dJTa3mUidZAO9sKcY72tK,Artista,Male,FR
Gonzaguinha,1LOFaxDBvn3YuvarTldGAe,7169b325-505c-4daf-aa90-d3a84c112bc7,53,708799,"MPB, Samba",https://i.scdn.co/image/ab67616d0000b273ef28a6dd5c5cdc8e06ebe360,https://open.spotify.com/artist/1LOFaxDBvn3YuvarTldGAe,Artista,Male,BR
Mart'Nália,4EUuQxMNowMUEs5gu4BzBX,a36e4f1f-aaba-427d-bab0-0b9535c8fb7f,53,388963,"Samba, MPB",https://i.scdn.co/image/ab6761610000e5ebdbe153b137a0508b0cc830d9,https://open.spotify.com/artist/4EUuQxMNowMUEs5gu4BzBX,Artista,Female,BR
Nação Zumbi,4Va55p3P2P96lIgzntievo,e3954b21-0d05-45ea-a057-e8cc4c9b1ab5,53,247008,"Brazilian Rock, MPB, Nova Mpb",https://i.scdn.co/image/ab6761610000e5eb789162e8a59f6c04dfe3d388,https://open.spotify.com/artist/4Va55p3P2P96lIgzntievo,Banda,Banda,BR
Mayra Andrade,7uriYlc9ETgOg8VPFbdnbE,e746ec27-6f34-4442-b897-96fd85f769fe,53,240835,"French Jazz, Fado",https://i.scdn.co/image/ab6761610000e5eb38b0db0128fbfe6cf6507c62,https://open.spotify.com/artist/7uriYlc9ETgOg8VPFbdnbE,Artista,Female,CV
Secos & Molhados,4EKJxXaAZapG14Q5FTZoxm,6840dcbe-3aca-4057-8d16-4799c3730e3a,52,465565,"MPB, Brazilian Rock",https://i.scdn.co/image/ab67616d0000b273f5461ff12ab6a88824ae6caa,https://open.spotify.com/artist/4EKJxXaAZapG14Q5FTZoxm,Banda,Banda,BR
Agepê,5T2UOU9fV8RcUgLH3b6TTN,bd7ca765-8f8c-4978-966f-ccd884a08302,52,370227,"Samba, Pagode, MPB",https://i.scdn.co/image/ab67616d0000b2734f0545acb0cf78155d20b68f,https://open.spotify.com/artist/5T2UOU9fV8RcUgLH3b6TTN,Artista,Male,BR
Marcelo Jeneci,21LI2q2QDyaNjyfXaWWTOE,2cd7c5d2-2d5d-4753-91cb-e329ffa20f49,52,299889,"Nova Mpb, MPB",https://i.scdn.co/image/ab6761610000e5ebc5c1e2351367af511d1318ef,https://open.spotify.com/artist/21LI2q2QDyaNjyfXaWWTOE,Artista,Male,BR
Clarice Falcão,1wFTlPjO7zRtvylmu5pm1d,76858c01-acf4-4630-84f3-1b5208c390db,51,771508,"Nova Mpb, MPB",https://i.scdn.co/image/ab6761610000e5ebd34d5f63aa49ce47f6e2ac5f,https://open.spotify.com/artist/1wFTlPjO7zRtvylmu5pm1d,Artista,Female,BR
Elza Soares,4cn4gMq0KXORHeYA45PcBi,a619471e-ee2f-430f-b57b-262f94457559,51,460245,"Samba, MPB, Bossa Nova, Nova Mpb",https://i.scdn.co/image/ab6761610000e5ebb93382ed569fe5f1a3864589,https://open.spotify.com/artist/4cn4gMq0KXORHeYA45PcBi,Artista,Female,BR
O Terno,2TuVzZPwEPqpstqmA0qLl6,92bf83e0-d79e-4390-871a-8f108bb50f82,51,275585,"Nova Mpb, MPB",https://i.scdn.co/image/ab6761610000e5eb38fb1dfbcae1006ba225b4c3,https://open.spotify.com/artist/2TuVzZPwEPqpstqmA0qLl6,Banda,Banda,BR
Kamauu,3IAQ6JspwRCPY06WXnaguc,cb97a50e-050c-4993-b449-e0d9c898e6cf,51,220539,"Alternative R&B, Soul",https://i.scdn.co/image/ab6761610000e5eb68c2a209ff075f8eff17ab91,https://open.spotify.com/artist/3IAQ6JspwRCPY06WXnaguc,Artista,Male,US
Urias,6BXiBj4eAZsiynbcmSRHUs,838b1665-25bc-4f3e-bb56-7ce560297b72,51,210599,Brazilian Pop,https://i.scdn.co/image/ab6761610000e5ebfb32d0b424ca398b43a61b25,https://open.spotify.com/artist/6BXiBj4eAZsiynbcmSRHUs,Artista,Female,BR
Rodrigo Alarcon,6D3gtdoxrtRGO9ZDU5wWSQ,97b27316-1e97-4177-a0fe-e1b9b625f57c,51,153408,"Nova Mpb, MPB",https://i.scdn.co/image/ab6761610000e5eb9797efd79972af8e1ac452f7,https://open.spotify.com/artist/6D3gtdoxrtRGO9ZDU5wWSQ,Banda,Banda,BR
Çantamarta,5Ayb9yqemFxECJB8LEG8ln,3a5a6b08-4a58-44f7-a48b-2aa0073c31a3,51,36938,Latin R&B,https://i.scdn.co/image/ab6761610000e5eb6a153f9a2554f2b9669336cf,https://open.spotify.com/artist/5Ayb9yqemFxECJB8LEG8ln,Banda,Banda,BR
Céu,2eFVsaX3yHLPeWpiqvmeFn,7739f53a-f809-48a3-942a-fbea493f0a17,50,353056,"Nova Mpb, MPB",https://i.scdn.co/image/ab6761610000e5eb2ef73bf5b2b4863c823a727e,https://open.spotify.com/artist/2eFVsaX3yHLPeWpiqvmeFn,Artista,Female,BR
Perotá Chingó,5cMTiWeaWidGI8hVoZY8Ox,634c0f42-0b98-480d-98ad-be4c92ddcb04,50,349354,Latin Folk,https://i.scdn.co/image/ab6761610000e5eb9d4f999b2491451fa032d3ab,https://open.spotify.com/artist/5cMTiWeaWidGI8hVoZY8Ox,Banda,Banda,AR
Kennyhoopla,5ObBtv5VunwwhQaXXnUrsM,c8e48299-2214-4be5-84ba-113adc5efb35,50,212498,Pop Punk,https://i.scdn.co/image/ab6761610000e5eb413cf4534fc77849f2c812a3,https://open.spotify.com/artist/5ObBtv5VunwwhQaXXnUrsM,Artista,Male,US
Mariana Aydar,3rE82NMVBb5C5tQ83o8u8N,b76ce972-d1f2-4db5-adef-5447323be2f1,50,164098,"Nova Mpb, Forró, MPB",https://i.scdn.co/image/ab6761610000e5eb6cc7a696faf8fa0a5c4e62a6,https://open.spotify.com/artist/3rE82NMVBb5C5tQ83o8u8N,Artista,Female,BR
Bebel Gilberto,6gk4ierjjSVPoZep27VfZz,8777a849-fb4e-4430-9918-170f619c5286,50,144048,"Bossa Nova, Brazilian Jazz, MPB",https://i.scdn.co/image/ab6761610000e5ebd373ca84d584e3cb79a9c3d1,https://open.spotify.com/artist/6gk4ierjjSVPoZep27VfZz,Artista,Female,BR
Johnny Hooker,7qmf5YAQYjfjBF9C7kkjzs,7bb3b720-0317-4a7a-bf29-ee74046f99d4,49,283357,"Nova Mpb, MPB, Brazilian Pop",https://i.scdn.co/image/ab6761610000e5ebdd707abf8a968fb1a2ff36b3,https://open.spotify.com/artist/7qmf5YAQYjfjBF9C7kkjzs,Artista,Male,BR
Àttøøxxá,43jyzP3h86XvtC8FQm4ow3,30c8d913-9ab4-4707-bba9-f83c30440804,48,54514,"Pagode Baiano, Nova Mpb, Axé, Brazilian Pop",https://i.scdn.co/image/ab6761610000e5eb58c4cebcdbaf98c6121c5857,https://open.spotify.com/artist/43jyzP3h86XvtC8FQm4ow3,Banda,Banda,BR
Moreno Veloso,57IX1XTNL4DPilyY5pQsaK,b4082b3e-1e45-4544-8d5b-a5fc367648fa,48,39943,"MPB, Nova Mpb, Bossa Nova",https://i.scdn.co/image/82429e2d8a5284a18ca20bc657ead0e1da8b12a2,https://open.spotify.com/artist/57IX1XTNL4DPilyY5pQsaK,Artista,Male,BR
Os Mutantes,5C0gCCG8N5Dh5dZytIgzLX,a3212186-5da5-4e84-a935-6952b3e14921,47,335826,"MPB, Brazilian Rock, Psychedelic Rock",https://i.scdn.co/image/ab6761610000e5eb9864aff8c135cd013fb758c3,https://open.spotify.com/artist/5C0gCCG8N5Dh5dZytIgzLX,Banda,Banda,BR
Rincon Sapiência,6syQjkQSMIrzw5cFnNRheo,85b82432-7c63-45b1-81d4-c584efa26fe6,47,292126,"Brazilian Hip Hop, Brazilian Trap",https://i.scdn.co/image/ab6761610000e5eb348b55549fa03d7b52443811,https://open.spotify.com/artist/6syQjkQSMIrzw5cFnNRheo,Artista,Male,BR
Tulipa Ruiz,6OokCpvxnYv43WcFqejMLb,883cbd06-7ed2-4c5f-a5c0-8ea7792b4655,47,245335,"Nova Mpb, MPB",https://i.scdn.co/image/ab6761610000e5eb4d4bf2070bceaa5c461f5803,https://open.spotify.com/artist/6OokCpvxnYv43WcFqejMLb,Artista,Female,BR
Alton Ellis,5pryfFgCrWJ41UHaENJPyi,b04d9207-306c-42db-8b6a-c94d49b4b08a,47,131511,"Rocksteady, Reggae, Lovers Rock, Ska, Roots Reggae, Dub",https://i.scdn.co/image/ab6761610000e5eb70a49f8eca67caad50f1d8be,https://open.spotify.com/artist/5pryfFgCrWJ41UHaENJPyi,Artista,Male,JM
Di Melo,4KyZtyl55zzHoBJUp07Doe,06f60a76-ffe5-44b8-b78b-2455e3850f0c,46,76889,MPB,https://i.scdn.co/image/ab67616d0000b27335428e70f89fc95e0906df7b,https://open.spotify.com/artist/4KyZtyl55zzHoBJUp07Doe,Artista,Male,BR
Antônio Carlos & Jocáfi,6we2u0wHu4S9H6A1LVZ6LA,0f57b0a9-d60c-462b-aea2-afd51e0e1fae,46,19213,"Samba, MPB, Nova Mpb",https://i.scdn.co/image/ab6761610000e5eb2f77976abbbe5c70c02299df,https://open.spotify.com/artist/6we2u0wHu4S9H6A1LVZ6LA,Banda,Banda,BR
Tom Zé,1gIa65d5ICT2xVWiUJ3u27,9f284484-c949-4199-8741-aba416a497a8,45,291811,MPB,https://i.scdn.co/image/ab6761610000e5eb0c49a03510f01882ec68a22d,https://open.spotify.com/artist/1gIa65d5ICT2xVWiUJ3u27,Artista,Male,BR
"Francisco, El Hombre",317yGDHMNsNQMfjsNNPYUg,f48fd888-4411-448a-8934-46ff154c10e6,45,187927,"Nova Mpb, MPB",https://i.scdn.co/image/ab6761610000e5eb5514147041300598e0e83fd0,https://open.spotify.com/artist/317yGDHMNsNQMfjsNNPYUg,Banda,Banda,BR
Braza,5F0iFhw7bZE7a8INjualJn,b69da71f-9afb-41dc-84d2-5c4cac399930,45,92168,Nova Mpb,https://i.scdn.co/image/ab6761610000e5eb2a896afe040710e2170b94aa,https://open.spotify.com/artist/5F0iFhw7bZE7a8INjualJn,Banda,Banda,BR
Los Sebosos Postizos,6J3woQCTe8Tk7APW7vjy4H,ec5f71fb-97bf-41de-aafe-2ed867bea1c3,45,52731,Nova Mpb,https://i.scdn.co/image/ab67616d0000b27334405823b27144e3ecb2f0d7,https://open.spotify.com/artist/6J3woQCTe8Tk7APW7vjy4H,Banda,Banda,BR
Mc Tha,0fpg4Y7Q6ZRDSppLLt7G0n,ac4232ea-8881-4d84-9f32-ca1f8c15b4fb,44,115456,"Nova Mpb, Brazilian Pop, Tecnobrega",https://i.scdn.co/image/ab6761610000e5eb0f498ef65affe4a83c1b2bcf,https://open.spotify.com/artist/0fpg4Y7Q6ZRDSppLLt7G0n,Artista,Female,BR
Alessandra Leão,37m97yyap5ftH0sx3IHqno,e46a0257-874d-44f0-9a16-14fdf43a336d,44,40504,"Axé, Nova Mpb",https://i.scdn.co/image/ab6761610000e5ebd5f1cbcfc97c0301f2157578,https://open.spotify.com/artist/37m97yyap5ftH0sx3IHqno,Artista,Female,BR
Karol Conká,6ODCVWBfGNFUf1bpo0c2Ge,b3f4d9ea-8f7d-408c-9c5f-061e7ef9be46,43,516345,"Brazilian Pop, Brazilian Hip Hop",https://i.scdn.co/image/ab6761610000e5ebc133d22e13a67921b0a036ec,https://open.spotify.com/artist/6ODCVWBfGNFUf1bpo0c2Ge,Artista,Female,BR
Lula Queiroga,1RoHmXBnAHygWrNyCqFX0L,8ea47296-ca71-4102-aa2a-ead7d6d2d7f7,43,23710,Nova Mpb,https://i.scdn.co/image/ab6761610000e5eba4835d104e5be74cf81b6dcb,https://open.spotify.com/artist/1RoHmXBnAHygWrNyCqFX0L,Artista,Male,BR
Mahmundi,6hfNZcbKvjpOnhhkFVKyt7,0a376d4c-7a0e-4015-b9a3-d29cbe7530c5,42,110242,"Nova Mpb, Brazilian Pop, MPB",https://i.scdn.co/image/ab6761610000e5eb4b56b1dcc5dd9699b26e23fe,https://open.spotify.com/artist/6hfNZcbKvjpOnhhkFVKyt7,Artista,Female,BR
Edu Lobo,6u5P4S3NSj4EDNegDlOevO,e02d67b8-b581-478e-be33-c988627e4050,42,86364,"Bossa Nova, Brazilian Jazz, MPB",https://i.scdn.co/image/ab6761610000e5eb6ab92267773f05457e27ce80,https://open.spotify.com/artist/6u5P4S3NSj4EDNegDlOevO,Artista,Male,BR
Bnegão,3wYrCJWf6iI5vuUDOnZdUw,338ade4c-f2d5-4e6d-af33-2661d2863939,42,35748,Brazilian Hip Hop,https://i.scdn.co/image/ab6761610000e5eb32722e1b73386113d39911a3,https://open.spotify.com/artist/3wYrCJWf6iI5vuUDOnZdUw,Artista,Male,BR
Lagartijeando,30tn7aO5EFnlClql7gPpGw,5acad765-6c4b-48b8-8aea-92404c3f4bc0,42,30829,Electrocumbia,https://i.scdn.co/image/ab6761610000e5eb889de5879c71c79a33f4bfe7,https://open.spotify.com/artist/30tn7aO5EFnlClql7gPpGw,Artista,Male,AR
Juliana Linhares,06nnwdhfK1jBLXF9uwyDlN,1923659b-414d-4471-a455-60d9ef6f3bff,42,27380,"Nova Mpb, Forró, MPB",https://i.scdn.co/image/ab6761610000e5eb475045f9e45868ea97398a30,https://open.spotify.com/artist/06nnwdhfK1jBLXF9uwyDlN,Artista,Female,BR
Abacaxepa,37YBTVhchsMr6ekdUHEKRy,a8c99f9e-473b-4518-8362-d7c8c2c531e3,42,21847,"Nova Mpb, MPB",https://i.scdn.co/image/ab6761610000e5eb818e0994a3f3e06fe367d9f1,https://open.spotify.com/artist/37YBTVhchsMr6ekdUHEKRy,Banda,Banda,BR
Jaloo,1rdXEdH8SRIqbuTbzQzd93,7b962f00-99d1-4c1f-a3d9-65cf896e997a,41,138680,"Nova Mpb, Tecnobrega, Brazilian Pop",https://i.scdn.co/image/ab6761610000e5ebbf1022cb2c272ce635e4c113,https://open.spotify.com/artist/1rdXEdH8SRIqbuTbzQzd93,Artista,Male,BR
Letrux,4U1VRNe8VwcTAA6ShGyuke,56ecb02b-0cbf-40a6-abb9-77152f197712,41,118254,Nova Mpb,https://i.scdn.co/image/ab6761610000e5eb88de1f53fc585587166fa7b1,https://open.spotify.com/artist/4U1VRNe8VwcTAA6ShGyuke,Artista,Female,BR
Xênia França,1v0rEJk9ZuCrCQDvCXbO3D,f7e2c133-b07f-4aff-8b52-274c05f8ac00,41,80210,"Nova Mpb, Axé",https://i.scdn.co/image/ab6761610000e5ebdbc98aeb8bc0b22d646453b5,https://open.spotify.com/artist/1v0rEJk9ZuCrCQDvCXbO3D,Artista,Female,BR
Sérgio Sampaio,0ttwBh6o5To3XujSD4x3uA,75ca8969-e441-41cd-b26d-ded96652f4ae,41,78828,"MPB, Samba",https://i.scdn.co/image/ab67616d0000b273ab1c51261aeb957acabe88c9,https://open.spotify.com/artist/0ttwBh6o5To3XujSD4x3uA,Artista,Male,BR
Cidinho & Doca,2rwHPBK5IvPCDr0QjKlgQc,cd9e9b1c-802a-4b1b-b8dc-2747114b5aa4,41,24500,"Funk Melody, Funk Carioca, Brazilian Funk",https://i.scdn.co/image/ab67616d0000b273ffab37fbc0b27546b8e62b8a,https://open.spotify.com/artist/2rwHPBK5IvPCDr0QjKlgQc,Banda,Banda,BR
Uana,2fHwMQjss3D6RfkPN0ZkwO,a218496d-2133-4ae3-8b1e-5c347c6c2996,41,13757,"Nova Mpb, Miami Bass",https://i.scdn.co/image/ab6761610000e5ebc6224dbef60bf4d19a8fb364,https://open.spotify.com/artist/2fHwMQjss3D6RfkPN0ZkwO,Artista,Female,BR
Tassia Reis,0kc1BjcLHaXhZVzCp0HeAl,dd781d41-a975-4e9b-8ec8-e0c01efbd3df,40,164203,"Brazilian Hip Hop, Nova Mpb",https://i.scdn.co/image/ab6761610000e5eb0bf61b9d0ab683c662d7e334,https://open.spotify.com/artist/0kc1BjcLHaXhZVzCp0HeAl,Artista,Female,BR
Potyguara Bardo,1GA8PoLYhHREPKuYYB5A3B,0fb89ebf-8a7e-4f03-adb4-f72d38008e2d,40,107577,"Nova Mpb, Tecnobrega, Brazilian Pop",https://i.scdn.co/image/ab6761610000e5ebab2997ff3059230f48a69d65,https://open.spotify.com/artist/1GA8PoLYhHREPKuYYB5A3B,Artista,Female,BR
Academia da Berlinda,2pG3gLX9VMIXtbSRxvNKjC,e143ec6d-b891-4c1e-8b73-260d56007813,40,97926,Nova Mpb,https://i.scdn.co/image/ab6761610000e5eb77f0e79e528b2df4d860e857,https://open.spotify.com/artist/2pG3gLX9VMIXtbSRxvNKjC,Banda,Banda,BR
Lucas Santtana,67muZL7DIwZwLnH9BFfI5Z,755dd4a3-b3d5-49b3-9d94-142e3a703940,40,45732,"Nova Mpb, MPB",https://i.scdn.co/image/ab6761610000e5ebd8d158cee0a0f924c4630fd9,https://open.spotify.com/artist/67muZL7DIwZwLnH9BFfI5Z,Artista,Male,BR
Nina Oliveira,5VCRm5ymb1B8lybUhaDIN1,8acef797-aa99-47f7-9b3a-b38bfa6955ea,40,16180,"Nova Mpb, Forró",https://i.scdn.co/image/ab6761610000e5ebb031b8d187ddba80e3c9498d,https://open.spotify.com/artist/5VCRm5ymb1B8lybUhaDIN1,Artista,Female,BR
Linn da Quebrada,5gGBopc7iw8yLqwxfPIv3t,001d4fc6-0e88-4e8e-bb6a-4891efd13aa1,39,197194,"Brazilian Pop, Nova Mpb, Ballroom Vogue",https://i.scdn.co/image/ab6761610000e5ebaef4aabd6840759130707aab,https://open.spotify.com/artist/5gGBopc7iw8yLqwxfPIv3t,Artista,Female,BR
Afroito,1qw5CiJU0QdsGdCdjkC7ue,79e60fef-e066-4dcb-81f7-d04354e6b92d,39,32343,"Axé, Nova Mpb",https://i.scdn.co/image/ab6761610000e5ebe7e9fe243598bbbfd9848aab,https://open.spotify.com/artist/1qw5CiJU0QdsGdCdjkC7ue,Artista,Male,BR
Jorge Mautner,6IyBL2HQ7NB6V6xqgl3jBg,42c88c16-4104-4823-946a-f8dc65b5fbac,38,59594,MPB,https://i.scdn.co/image/ab67616d0000b273f83edbf87022a9bbd88f0b77,https://open.spotify.com/artist/6IyBL2HQ7NB6V6xqgl3jBg,Artista,Male,BR
Dona Onete,5A70LBFCFtNwOmbPj5g5uc,077f12c5-a52c-40f9-b024-a01fe3330d5c,38,56072,"Tecnobrega, Brega",https://i.scdn.co/image/ab6761610000e5eb133786b4376501ef2e143a14,https://open.spotify.com/artist/5A70LBFCFtNwOmbPj5g5uc,Artista,Female,BR
Russo Passapusso,4Rgs2uEA4ZPVrfSGTcFvVm,99533d8f-d395-40e7-8720-4e8e836545f3,38,51501,Nova Mpb,https://i.scdn.co/image/ab6761610000e5eba3b9e910e753d02d12000006,https://open.spotify.com/artist/4Rgs2uEA4ZPVrfSGTcFvVm,Artista,Male,BR
Anelis Assumpção,18XQILNxVCcvcU1VhwNJJv,44bc1499-51f3-422a-a936-5699bd8c26f0,37,63703,Nova Mpb,https://i.scdn.co/image/ab6761610000e5eb46370cbec28a74de3545444f,https://open.spotify.com/artist/18XQILNxVCcvcU1VhwNJJv,Artista,Female,BR
Ave Sangria,1q3J12DzCpwW0EwLrKlXvC,f998d7bc-f6b1-4f5d-bcf0-57641a03b255,37,45707,Brazilian Rock,https://i.scdn.co/image/ab6761610000e5eb19b8121268412955ab72302e,https://open.spotify.com/artist/1q3J12DzCpwW0EwLrKlXvC,Banda,Banda,BR
Flaira Ferro,3gmFXyR7bHc8wQW3y6c2UI,3a259614-a416-4e25-a5a5-b9ff95c5cf18,37,36570,Nova Mpb,https://i.scdn.co/image/ab6761610000e5eb923310eefd1a2ba3f3af581c,https://open.spotify.com/artist/3gmFXyR7bHc8wQW3y6c2UI,Artista,Female,BR
Almério,7kF4TDKgWfhbDuBbOOBcHW,6b67725b-3755-43c9-938b-6e87be19019c,37,34020,"Nova Mpb, MPB, Forró",https://i.scdn.co/image/ab6761610000e5eb144d3988173b7d021f6746ef,https://open.spotify.com/artist/7kF4TDKgWfhbDuBbOOBcHW,Artista,Male,BR
Mundo Livre S/a,7dLXGClVfy10Ug57dZE0iC,cafd8dd0-500e-4d87-938f-2c9dae2a6ef1,36,84386,"Nova Mpb, Brazilian Rock",https://i.scdn.co/image/ab6761610000e5eb85bc5f917fd274c15cc91288,https://open.spotify.com/artist/7dLXGClVfy10Ug57dZE0iC,Banda,Banda,BR
Metá Metá,2JmW0VFQ6nJ8eMc3HKPeiF,61dec3a8-94f1-4d2d-a654-432577c7dba7,36,69590,Nova Mpb,https://i.scdn.co/image/ab6761610000e5eb4de3bcc64625c7dd4b3773f8,https://open.spotify.com/artist/2JmW0VFQ6nJ8eMc3HKPeiF,Banda,Banda,BR
Sonido Gallo Negro,3lSqMCuyfqugFoibdOCeZo,8bb6daa4-a98c-4670-bb1f-d1933c51986d,36,58187,"Electrocumbia, Chicha, Cumbia Sonidera, Cumbia, Mexican Indie",https://i.scdn.co/image/ab6761610000e5eb91e4fe0e6fd34d9b3d977c7c,https://open.spotify.com/artist/3lSqMCuyfqugFoibdOCeZo,Banda,Banda,MX
Luísa e Os Alquimistas,4MavQ0I0q9aAXj0mErfkqC,46de0e6c-fb06-44fa-9c3f-5354a894dde2,36,42960,"Tecnobrega, Nova Mpb, Brazilian Pop",https://i.scdn.co/image/ab6761610000e5eb6c7dc1f665920fe8241e024f,https://open.spotify.com/artist/4MavQ0I0q9aAXj0mErfkqC,Banda,Banda,BR
Felipe Cordeiro,5Udg8m6Rj2wefjeKJZRvk4,526545a5-e82d-493d-9634-9bf442a50da4,36,18410,"Tecnobrega, Nova Mpb, Brega",https://i.scdn.co/image/ab6761610000e5eb6045e1b12e78a46b10e24085,https://open.spotify.com/artist/5Udg8m6Rj2wefjeKJZRvk4,Artista,Male,BR
Luiza Lian,0mqrSBamArf14pPZE2Q9kW,7b904546-c35d-456c-95f3-fc9122594721,35,45817,"Nova Mpb, Axé",https://i.scdn.co/image/ab6761610000e5ebf1ec5af33fb91eb52c607170,https://open.spotify.com/artist/0mqrSBamArf14pPZE2Q9kW,Artista,Female,BR
Pinduca,5FKexvtYHfpvf17ZnGWulN,615974c7-6567-4e08-861d-2d15f1605e83,35,21600,"Tecnobrega, Brega",https://i.scdn.co/image/ab6761610000e5eb506c68b67b3f063cf06413e3,https://open.spotify.com/artist/5FKexvtYHfpvf17ZnGWulN,Artista,Male,BR
Karina Buhr,02aXPl7xsSoWlV77cUXtbm,7674e87d-1c56-4c73-a08e-24fc3902f152,34,66865,"Nova Mpb, Axé",https://i.scdn.co/image/ab6761610000e5eb9646af95caf959f636f3721b,https://open.spotify.com/artist/02aXPl7xsSoWlV77cUXtbm,Artista,Female,BR
Siba,3fXYikoi0LcoQgBItngLxO,70817dcc-5489-4ddf-a3c2-b62cfab3860e,34,36484,Nova Mpb,https://i.scdn.co/image/ab6761610000e5eb28ce40ac94ecc860392e4b7a,https://open.spotify.com/artist/3fXYikoi0LcoQgBItngLxO,Artista,Male,BR
Getúlio Abelha,5xA5rj8tUegPoax30Xs2uh,95dc3d29-1679-426e-8899-c0b5b533d3b4,34,20164,"Tecnobrega, Brega",https://i.scdn.co/image/ab6761610000e5eb2aa5969afd27c9059b1ed54b,https://open.spotify.com/artist/5xA5rj8tUegPoax30Xs2uh,Artista,Male,BR
Bruna Alimonda,44RE6rRGC9GinmWmlStjng,430abebe-0dd9-4544-8613-ad09b63a46bf,34,5095,Nova Mpb,https://i.scdn.co/image/ab6761610000e5ebf416842d68d3f41f2d49d510,https://open.spotify.com/artist/44RE6rRGC9GinmWmlStjng,Artista,Female,BR
Cordel do Fogo Encantado,4FohWSbnM0qZHrgT0nD8ZS,338e7529-963e-4c0a-9271-905833c374c0,33,68683,Nova Mpb,https://i.scdn.co/image/ab6761610000e5ebd8078ea8f3df2270022f270c,https://open.spotify.com/artist/4FohWSbnM0qZHrgT0nD8ZS,Banda,Banda,BR
Lia de Itamaracá,7dtjhTXpBQ4cCf2GPLG6Qo,cda5d022-15b4-4a3a-8ca7-24248c08dc31,33,34729,Axé,https://i.scdn.co/image/ab6761610000e5ebee8bd1f58cb655b8121d5830,https://open.spotify.com/artist/7dtjhTXpBQ4cCf2GPLG6Qo,Artista,Female,BR
Fióti,2M89xAvGk4XHPq4C2tkISM,d3783b98-ff09-4198-a04b-e894167762ee,33,23668,"Nova Mpb, Brazilian Hip Hop, Brazilian Pop",https://i.scdn.co/image/ab6761610000e5eb9531a924acec5cc0fb414f2d,https://open.spotify.com/artist/2M89xAvGk4XHPq4C2tkISM,Artista,Male,BR
Shavonne,2Kpj603CjU831n5WQZgul8,0dadf44f-664d-4559-9949-f5b46dfc1401,32,2732,"Funk Melody, Miami Bass, Freestyle",https://i.scdn.co/image/ab67616d0000b27376a984d190dcfc968de39083,https://open.spotify.com/artist/2Kpj603CjU831n5WQZgul8,Banda,Banda,BR
Bárbara Eugênia,0FJA2ViptVdnv30E7cg51l,a5b99cb2-6e9e-4871-8631-5a9b6f6ee9bb,31,33579,"Nova Mpb, Brega, MPB",https://i.scdn.co/image/ab6761610000e5ebd1014b9c972efcb841b40325,https://open.spotify.com/artist/0FJA2ViptVdnv30E7cg51l,Artista,Female,BR
Renata Rosa,30qZQIUjlWSlqBK3F0xP2v,8e5c2fcc-c373-4bb9-9d37-07711226ea37,31,29559,MPB,https://i.scdn.co/image/ab67616d0000b273034f6b6c816d47f1d240e443,https://open.spotify.com/artist/30qZQIUjlWSlqBK3F0xP2v,Artista,Female,BR
Zé Manoel,6V29laIlmBaFnxF9uDvZvH,0bf9649e-3a28-4914-b640-5363511034cd,31,16838,"Nova Mpb, MPB",https://i.scdn.co/image/ab6761610000e5ebe7b73caa1c0cf96393c830a6,https://open.spotify.com/artist/6V29laIlmBaFnxF9uDvZvH,Artista,Male,BR
Tais Alvarenga,4C2lJrO2VHoBJiDac8ygPS,0897d504-ad38-4add-8f63-e8ffc1e3fd3d,31,10433,"Nova Mpb, MPB",https://i.scdn.co/image/ab6761610000e5eb3fd5c80aec90c3d1ad16abe0,https://open.spotify.com/artist/4C2lJrO2VHoBJiDac8ygPS,Artista,Female,BR
Tagore,6jesZl7rJFJZ8d5i9pX5q8,cf609510-976b-4ba8-8694-bbe7ba3d186b,30,17835,"Nova Mpb, Space Rock, Neo-Psychedelic",https://i.scdn.co/image/ab6761610000e5eba5c37a7fad22bae7a8d63499,https://open.spotify.com/artist/6jesZl7rJFJZ8d5i9pX5q8,Banda,Banda,BR
As Baías,7MKatfaGFrdd4jTZiwZW2K,cf137dba-ac39-4417-81da-4e5f8f5af0f3,29,78271,"Nova Mpb, Brazilian Pop, MPB",https://i.scdn.co/image/ab6761610000e5eb31c3a84fb068c712e967af79,https://open.spotify.com/artist/7MKatfaGFrdd4jTZiwZW2K,Banda,Banda,BR
Afrocidade,1kbDI5eg73ftGzwOf4OKZL,f5608fe1-1e68-418b-a80b-b6e8c057481f,27,19817,"Pagode Baiano, Nova Mpb",https://i.scdn.co/image/ab6761610000e5ebbaf8eee1d571d9716d7a68ab,https://open.spotify.com/artist/1kbDI5eg73ftGzwOf4OKZL,Banda,Banda,BR
Cila do Coco,20mYxqynNGZHm0qZAzCNEP,9f2ff7aa-a568-45ce-9fba-f32f86bde631,27,5328,MPB,https://i.scdn.co/image/ab67616d0000b273dc15f4eaa5e8fd97e2eaffe4,https://open.spotify.com/artist/20mYxqynNGZHm0qZAzCNEP,Artista,Female,BR
Kaê Guajajara,3PMGE59u9984fAh4jVYP6C,feb5a528-e781-4454-bc40-54607f59feec,26,24303,MPB,https://i.scdn.co/image/ab6761610000e5eba42eaed216cb0be531561ec8,https://open.spotify.com/artist/3PMGE59u9984fAh4jVYP6C,Artista,Other,BR
Banda de Pau e Corda,1HAx9lBHiu7Bejp0laOP32,3c832dca-8c18-401d-9b95-0b2d32a90d39,26,17620,"Forro Tradicional, MPB, Traditional Folk, Forró",https://i.scdn.co/image/ab6761610000e5eb1ffa56f3928b1255036b9ca7,https://open.spotify.com/artist/1HAx9lBHiu7Bejp0laOP32,Banda,Banda,BR
Barro,49Ymz7hkosffibefJioODe,b532bead-506a-4bd8-b0c7-b4c2432cf875,26,16247,Nova Mpb,https://i.scdn.co/image/ab6761610000e5eb3c36391de0c33cd507906f83,https://open.spotify.com/artist/49Ymz7hkosffibefJioODe,Artista,Male,BR
Kenya Racaile,0NksTHRgwB06L2yPgHCEqk,9020439f-d746-4f20-aa2d-1889a3f746e1,26,9981,Neoperreo,https://i.scdn.co/image/ab6761610000e5eb66e359c5b0bed65ce328e63a,https://open.spotify.com/artist/0NksTHRgwB06L2yPgHCEqk,Artista,Female,ES
Filhos de Dona Maria,3vyUQMqrxn7oFizmIRdaWk,4232f653-a53c-4785-b821-6a1a0499adc0,26,6507,"Axé, Samba",https://i.scdn.co/image/ab6761610000e5ebc3f78116292b629ce2a03beb,https://open.spotify.com/artist/3vyUQMqrxn7oFizmIRdaWk,Banda,Banda,BR
Ava Rocha,68KlLCPyeiNtzy741tAwhQ,284c9a32-7136-4895-ad15-fd2bc97a4a0f,25,29148,Nova Mpb,https://i.scdn.co/image/ab6761610000e5eb7186bb93b180c852bc421866,https://open.spotify.com/artist/68KlLCPyeiNtzy741tAwhQ,Artista,Female,BR
Graveola,3LElaT8A40wftlPi5RqEev,feb91f02-c0c3-48b3-b8ce-447029959d65,25,20148,Nova Mpb,https://i.scdn.co/image/ab6761610000e5eb438a7bc2ce20098f58e04b0f,https://open.spotify.com/artist/3LElaT8A40wftlPi5RqEev,Banda,Banda,BR
Romero Ferro,6RQQuhhlJwsjKJTW1P9PU9,180cfef4-3514-4728-ba26-01fef396455c,25,17963,"Nova Mpb, Tecnobrega, Brazilian Pop",https://i.scdn.co/image/ab6761610000e5ebf96ee35847052ae056a1d52a,https://open.spotify.com/artist/6RQQuhhlJwsjKJTW1P9PU9,Artista,Male,BR
Isaar França,7slyxzwxcPuyoCPRnimdxH,61f99c7f-f3d9-407c-b3d4-bb57b0a16410,25,4442,MPB,https://i.scdn.co/image/ab67616d0000b2735c47825933ff7cf9b7fcee79,https://open.spotify.com/artist/7slyxzwxcPuyoCPRnimdxH,Artista,Female,BR
Thiago Pethit,11bqiv12xCing2jMbszqOD,9162269e-4436-42ec-81fb-72266c2b5da4,24,57893,Nova Mpb,https://i.scdn.co/image/ab6761610000e5ebab30bfc85d194422d92a17db,https://open.spotify.com/artist/11bqiv12xCing2jMbszqOD,Artista,Male,BR
Márcia Castro,0qK9aSzT5EIttqbaM1fPwN,b7903c60-20b7-4596-b100-4bf37871b6ed,24,13372,"Nova Mpb, MPB",https://i.scdn.co/image/ab6761610000e5eb4c58aa18b0e618dc5392ff23,https://open.spotify.com/artist/0qK9aSzT5EIttqbaM1fPwN,Artista,Female,BR
Isadora Melo,0Y5FHnWSAGi9XaE5dmXyzG,757f1cec-2e1a-4a91-8401-8eaa11d26706,24,8162,Nova Mpb,https://i.scdn.co/image/ab6761610000e5eb1ba612e3ba6a70eacd1e7dfa,https://open.spotify.com/artist/0Y5FHnWSAGi9XaE5dmXyzG,Artista,Female,BR
Teago Oliveira,02MYQC9MXXfOcrIwvc4dIS,b73edd3a-671e-4572-8f21-e98e742621c2,24,6502,"Nova Mpb, MPB",https://i.scdn.co/image/ab6761610000e5eb565c5d0628e87810e391ca76,https://open.spotify.com/artist/02MYQC9MXXfOcrIwvc4dIS,Artista,Male,BR
Mestre Anderson Miguel,2A5yczeZxYgxtjZENNKp5o,e541a15f-b441-4f4e-80fc-fc6c3be4273f,22,7085,MPB,https://i.scdn.co/image/ab67616d0000b273edc7cb6f40bb40281087d7cb,https://open.spotify.com/artist/2A5yczeZxYgxtjZENNKp5o,Artista,Male,BR
Cidadão Instigado,6aUhpdE62JxvR00JOK8qZx,0bf35abe-578c-4060-8400-b8f467aa8037,21,30757,"Nova Mpb, Brazilian Rock",https://i.scdn.co/image/ab67616d0000b2738551a400893f2d0664e5c9cf,https://open.spotify.com/artist/6aUhpdE62JxvR00JOK8qZx,Banda,Banda,BR
Aláfia,2ZzDm7UiS7g3e9HVjTMr29,b075e9f8-929b-4ca8-a70c-6ddd1484b30a,21,17288,Nova Mpb,https://i.scdn.co/image/ab6761610000e5eb0e2ffc67b0f6e9d67f55bb71,https://open.spotify.com/artist/2ZzDm7UiS7g3e9HVjTMr29,Banda,Banda,BR
Grupo Bongar,2enxLQivHkN4me4VN92RTC,3e48f0c1-adcf-4ddc-9854-abefa8cf911b,21,9883,Axé,https://i.scdn.co/image/ab67616d0000b2736fa0b8fcdf409b4824a394fe,https://open.spotify.com/artist/2enxLQivHkN4me4VN92RTC,Banda,Banda,BR
Oquadro,4VTl5tjAkjNTiiIwqfH6Wq,9a263418-9d03-42a8-9389-5ce7cea86a8f,21,8771,"Brazilian Hip Hop, Nova Mpb",https://i.scdn.co/image/ab6761610000e5eb7efb1a515157852e241c5f6c,https://open.spotify.com/artist/4VTl5tjAkjNTiiIwqfH6Wq,Banda,Banda,BR
Maga Bo,5LVpFfblbOVmGnrgTEnN4Q,a2c5372f-9ef9-401b-b46c-88e025b510a3,21,5632,MPB,https://i.scdn.co/image/ab6761610000e5ebb68350acd796b4dcb96565ad,https://open.spotify.com/artist/5LVpFfblbOVmGnrgTEnN4Q,Artista,Male,BR
Ylana Queiroga,4dvuijrOtNwlm37EMrLrov,56e6d505-c509-45bf-b970-c58b9bb4be2d,20,2468,Nova Mpb,https://i.scdn.co/image/ab6761610000e5ebeefd5a5c4259c3c00f0485a7,https://open.spotify.com/artist/4dvuijrOtNwlm37EMrLrov,Artista,Female,BR
Os Amantes,0CjUWR4PjqnTuxe0fPRoUs,2000b7f4-a5c8-4128-a30d-8a0cec33a9cc,19,7126,"Nova Mpb, Tecnobrega",https://i.scdn.co/image/ab6761610000e5eb00b77994607d206ad781d908,https://open.spotify.com/artist/0CjUWR4PjqnTuxe0fPRoUs,Banda,Banda,BR
Jáder,4kZNQjkGZ4VVovVaFvE1xa,5dba415a-d76f-4e9b-b74f-0d7e2beebe5d,19,3073,Nova Mpb,https://i.scdn.co/image/ab6761610000e5eb97f955140407048c1bf45392,https://open.spotify.com/artist/4kZNQjkGZ4VVovVaFvE1xa,Artista,Male,BR
Silvério Pessoa,5sUkqENZZVzvZrlCjMRQVe,5d14f4d0-2f40-42fc-8dbe-3d729314fa12,18,9461,"Forro Tradicional, Forró",https://i.scdn.co/image/ab6761610000e5eb02ac1ba1490ed81181872e66,https://open.spotify.com/artist/5sUkqENZZVzvZrlCjMRQVe,Artista,Male,BR
Nevilton,070r60ijuqN9KisFCwV6uM,5e4e24e8-8e84-4697-b418-83c6895c7f7e,17,7889,"Brazilian Rock, Nova Mpb",https://i.scdn.co/image/ab6761610000e5ebd4b4c4273b7ee3053645192f,https://open.spotify.com/artist/070r60ijuqN9KisFCwV6uM,Artista,Male,BR
Wannabe Jalva,4fHQYmgI4o3CSwsDfeIsQI,4cfa191b-392d-4e25-bac5-b12cd1727fb0,16,9253,MPB,https://i.scdn.co/image/ab6761610000e5ebdd61ffddbb9d6e4e3f0dc48b,https://open.spotify.com/artist/4fHQYmgI4o3CSwsDfeIsQI,Banda,Banda,BR
Marsa,4E5ZAqaEK4WnZJ9gZmXO50,0765dd26-f218-42af-b238-6b6085f794d1,16,8614,Nova Mpb,https://i.scdn.co/image/ab67616d0000b27388da7ee08c3f5b0aae7b9aa8,https://open.spotify.com/artist/4E5ZAqaEK4WnZJ9gZmXO50,Artista,Female,JP
Rhaissa Bittar,69KxPNGZndmZteTG7hTFwv,5371751a-9f3c-4c11-adef-20fb3b765ead,15,5409,Nova Mpb,https://i.scdn.co/image/ab6761610000e5eb08380279fd39272ffc9d6fad,https://open.spotify.com/artist/69KxPNGZndmZteTG7hTFwv,Artista,Female,BR
Cacique'97,33t1sk0KBtX3FxfAyWsSkc,a8b68416-7ea4-4178-9e06-416cdaf019d6,15,2097,Afrobeat,https://i.scdn.co/image/ab6761610000e5eb56748ecf59a0efbdc0cde4e0,https://open.spotify.com/artist/33t1sk0KBtX3FxfAyWsSkc,Banda,Banda,PT
The Baggios,1EYPUMAsFA0qjFmnADnBJ5,9b9684d6-621e-4973-8cf5-f36be3af9a4a,14,13041,"Brazilian Rock, Nova Mpb",https://i.scdn.co/image/ab6761610000e5eb5d0d12eb5aad269f26a01e04,https://open.spotify.com/artist/1EYPUMAsFA0qjFmnADnBJ5,Banda,Banda,BR
Héloa,7DFdiuoXSlZnvRxU83UvCi,810311ce-85a4-49a1-a151-44697cc6c0fd,13,4054,"Nova Mpb, Axé",https://i.scdn.co/image/ab6761610000e5eb55c39e9b53d5d80ffb40ef76,https://open.spotify.com/artist/7DFdiuoXSlZnvRxU83UvCi,Artista,Female,BR
Think Of One,500bn4MyLlQ1pGIMlWAOsu,dd2b15d9-f52b-4d57-ac8c-6c8d0e80785d,13,2434,Gnawa,https://i.scdn.co/image/ab6761610000e5ebfede7081cf90b020dd76291d,https://open.spotify.com/artist/500bn4MyLlQ1pGIMlWAOsu,Banda,Banda,BE
Dona Selma do Coco,2Q5IHmwaTQlAZRBs4sUIdM,a7904a8d-59b8-42c6-8745-3ae1ea1fa8af,12,2226,MPB,https://i.scdn.co/image/ab67616d0000b273e9655c0be243a3e08dcf16a2,https://open.spotify.com/artist/2Q5IHmwaTQlAZRBs4sUIdM,Artista,Female,BR
Andreia Dias,4HbYY7fTePEmoXZgMOIfFE,49a01ff5-84e3-49c2-b9e2-73a30c460134,10,1961,Nova Mpb,https://i.scdn.co/image/ab6761610000e5ebbbcd205d4d5a3188ec8c7c56,https://open.spotify.com/artist/4HbYY7fTePEmoXZgMOIfFE,Artista,Female,BR
Bule,0G0UBEMCXDj4UWnT3BeBoS,bf1290c0-240a-49b9-8d90-01d26728697e,9,2477,MPB,https://i.scdn.co/image/ab6761610000e5eb92aca42e60e585260413e185,https://open.spotify.com/artist/0G0UBEMCXDj4UWnT3BeBoS,Banda,Banda,BR
Aricia Mess,10yPoy6G2FDpdnofDPQdGO,f997cf3f-2c53-4df9-85e4-a016e97bd009,9,1205,MPB,https://i.scdn.co/image/ab6761610000e5eb736488b3d09d47e9ebbed571,https://open.spotify.com/artist/10yPoy6G2FDpdnofDPQdGO,Artista,Female,BR
Ororo,6gK1Vdyx7EHdVtu3R6uGdz,ea991640-d32a-411e-ba03-643d1c84a1d6,9,24,MPB,https://i.scdn.co/image/ab67616d0000b273e537a7d9a6b6471098166865,https://open.spotify.com/artist/6gK1Vdyx7EHdVtu3R6uGdz,Banda,Banda,BR
Radiola Serra Alta,0F6mFbqlJmLK4SwjW4LZTX,cd18ec95-0623-4a69-a103-e9112a643470,7,2984,MPB,https://i.scdn.co/image/ab67616d0000b273e045d98a0355fae2d4318c04,https://open.spotify.com/artist/0F6mFbqlJmLK4SwjW4LZTX,Banda,Banda,BR
Catarina Dee Jah,61VDM4es1qpj7qgaYOMu7X,fa0abcbd-719b-44e8-8617-8c0748f30150,5,1109,Tecnobrega,https://i.scdn.co/image/ab67616d0000b27312141d471b5b64cb907665f4,https://open.spotify.com/artist/61VDM4es1qpj7qgaYOMu7X,Banda,Banda,BR
Hoodbob,7dnYQwBHTSoVC90qgLy4N5,d3b35680-a552-4470-b60d-43b40e32d9de,4,436,MPB,https://i.scdn.co/image/ab6761610000e5eb5c7fc7f9362c4b0909ee74dc,https://open.spotify.com/artist/7dnYQwBHTSoVC90qgLy4N5,Artista,Male,BR
Madimboo,2Y3sIOX5Cc4CkWLlZZVSdM,9416d0c9-804e-4951-803d-8297cb36a9ff,2,1194,Nova Mpb,https://i.scdn.co/image/ab6761610000e5eb6184ce45e3b88daff1c9cf99,https://open.spotify.com/artist/2Y3sIOX5Cc4CkWLlZZVSdM,Banda,Banda,BR
Guma,0ZzAWoYMZEgOwz3jz4LbQF,78560c7c-4a29-4bd7-9c91-e862bcbc2a46,2,1148,Pop,https://i.scdn.co/image/ab6761610000e5eb8ea78cccfcc6d6c318e9da81,https://open.spotify.com/artist/0ZzAWoYMZEgOwz3jz4LbQF,Banda,Banda,US
Guri Assis Brasil,6pD1GWScIkaJ5dTBvfNCdu,72f83eac-926e-4a52-9b90-5e4b7d97577c,2,708,Nova Mpb,https://i.scdn.co/image/ab67616d0000b273bb72ff3135130574fc5bde4f,https://open.spotify.com/artist/6pD1GWScIkaJ5dTBvfNCdu,Artista,Female,BR
Dirimbó,0ECpBHNtuzy4vzkHkeG0Eg,fcf20cda-2a04-474d-9f42-6180e3177323,1,912,Tecnobrega,https://i.scdn.co/image/ab6761610000e5eb3e5be4a4dcce15c9beb814fa,https://open.spotify.com/artist/0ECpBHNtuzy4vzkHkeG0Eg,Banda,Banda,BR
Combo X,51TP3A53maa6qaZpfxmIlK,4c9f8d9f-e4ee-4d4c-8aeb-96576fd978df,1,499,Brazilian Rock,https://i.scdn.co/image/ab6761610000e5eb42b936de0930902533d327b1,https://open.spotify.com/artist/51TP3A53maa6qaZpfxmIlK,Banda,Banda,BR
Superlage,7wQZ0uoVpBKZmdZNCO0e3x,737579b9-01e0-476d-bf2e-c12020b9bad6,0,218,Nova Mpb,https://i.scdn.co/image/ab67616d0000b27322d2d8806959e0a8eea76bde,https://open.spotify.com/artist/7wQZ0uoVpBKZmdZNCO0e3x,Banda,Banda,BR
Wavo,1ZGzWPjQe8AbvpREDQ2Y5T,4207ec8d-10c6-4d59-a83d-f2d2f5330f32,0,68,Electronic,https://i.scdn.co/image/ab6761610000e5eb9b7ff23b2167dbeb29098b6c,https://open.spotify.com/artist/1ZGzWPjQe8AbvpREDQ2Y5T,Artista,Female,DE
